Selected_model,Test_MAE,Test_RMSE,Test_R2
M3: LogIncome + AMI + Controls,279.93501577930806,370.94578910954834,0.73807629494275
